unitType,make,year,modelName,color,stockNumber,msrp,unitId,invoice,holdback,rebate,model,age,advertisedPrice,structure,hondaCode,vin
ATV SPORT,HONDA,2023,FOURTRAX 250X,RED,200008,"5,299.00",200008-TRX250XP,"5,230.00",265.00,0.00,TRX250XP,64,"5,299.00",OFF ROAD,257799,1HFTE2741P4200008
ATV UTILITY,HONDA,2023,FOREMAN 4X4 ES EPS,Red,900553,"8,849.00",900553-TRX520FE2P,"8,319.00",442.00,0.00,TRX520FE2P,43,"8,849.00",OFF ROAD,257398,1HFTE4467P4900553
ATV UTILITY,HONDA,2023,FourTrax Rancher 4X4,Red,905819,"6,999.00",905819-TRX420FM1LM,"6,709.00",350.00,0.00,TRX420FM1LM,1,"6,999.00",OFF ROAD,257698,1HFTE40K7P4905819
ATV UTILITY,HONDA,2023,RANCHER,Black Forest Green,900970,"5,899.00",900970-TRX420TM1P,"5,752.00",295.00,0.00,TRX420TM1P,58,"5,899.00",OFF ROAD,257756,1HFTE3903P4900970
ATV UTILITY,HONDA,2023,RANCHER 4X4,Black Forest Green,905347,"6,999.00",905347-TRX420FM1P,"6,709.00",350.00,0.00,TRX420FM1P,43,"6,999.00",OFF ROAD,257696,1HFTE40K3P4905347
ATV UTILITY,HONDA,2023,RANCHER 4X4,Black Forest Green,905020,"6,999.00",905020-TRX420FM1P,"6,709.00",350.00,0.00,TRX420FM1P,26,"6,999.00",OFF ROAD,257696,1HFTE40K4P4905020
ATV UTILITY,HONDA,2023,RANCHER 4X4 AT EPS,Reactor Blue,900387,"8,199.00",900387-TRX420FA2P,"7,753.00",410.00,0.00,TRX420FA2P,69,"8,199.00",OFF ROAD,257577,1HFTE4197P4900387
ATV UTILITY,HONDA,2023,RANCHER 4X4 AT IRS EPS,Red,800491,"8,699.00",800491-TRX420FA6P,"8,188.00",435.00,0.00,TRX420FA6P,23,"8,699.00",OFF ROAD,257538,1HFTE47D1P4800491
ATV UTILITY,HONDA,2023,RANCHER 4X4 AT IRS EPS,Red,800485,"8,699.00",800485-TRX420FA6P,"8,188.00",435.00,0.00,TRX420FA6P,23,"8,699.00",OFF ROAD,257538,1HFTE47D6P4800485
ATV UTILITY,HONDA,2023,RANCHER 4X4 EPS,Honda Phantom Camo,900025,"8,199.00",900025-TRX420FM2P,"7,753.00",410.00,0.00,TRX420FM2P,56,"8,199.00",OFF ROAD,257663,1HFTE40P6P4900025
ATV UTILITY,HONDA,2023,RANCHER 4X4 EPS,Honda Phantom Camo,900026,"8,199.00",900026-TRX420FM2P,"7,753.00",410.00,0.00,TRX420FM2P,56,"8,199.00",OFF ROAD,257663,1HFTE40P8P4900026
ATV UTILITY,HONDA,2023,RECON,Red,701151,"4,699.00",701151-TRX250TM1P,"4,708.00",235.00,0.00,TRX250TM1P,45,"4,699.00",OFF ROAD,257788,1HFTE2197P4701151
ATV UTILITY,HONDA,2023,RECON ES,RED,700141,"4,949.00",700141-TRX250TE1P,"4,926.00",247.00,0.00,TRX250TE1P,74,"4,949.00",OFF ROAD,257778,1HFTE54A0P4700141
ATV UTILITY,HONDA,2023,RECON ES,Red,700261,"4,949.00",700261-TRX250TE1P,"4,926.00",247.00,0.00,TRX250TE1P,51,"4,949.00",OFF ROAD,257778,1HFTE54AXP4700261
ATV UTILITY,HONDA,2023,RECON ES,Red,700180,"4,949.00",700180-TRX250TE1P,"4,926.00",247.00,0.00,TRX250TE1P,42,"4,949.00",OFF ROAD,257778,1HFTE54AXP4700180
ATV YOUTH,HONDA,2023,TRX90X,Magenta,100918,"3,349.00",100918-TRX90XP,"3,279.00",167.00,0.00,TRX90XP,51,"3,349.00",OFF ROAD,257808,1HFTE5509P4100918
ATV YOUTH,HONDA,2023,TRX90X,Magenta,101014,"3,349.00",101014-TRX90XP,"3,279.00",167.00,0.00,TRX90XP,23,"3,349.00",OFF ROAD,257808,1HFTE5503P4101014
DIRTBIKE,HONDA,2023,CRF125F,Red,503027,"3,399.00",503027-CRF125FP,"3,291.00",170.00,0.00,CRF125FP,7,"3,399.00",OFF ROAD,257028,LALJE0342P3503027
DIRTBIKE,HONDA,2023,CRF125F,Red,502696,"3,399.00",502696-CRF125FP,"3,291.00",170.00,0.00,CRF125FP,22,"3,399.00",OFF ROAD,257028,LALJE0347P3502696
DIRTBIKE,HONDA,2023,CRF125F BIG WHEEL,Red,503828,"3,799.00",503828-CRF125FBP,"3,643.00",190.00,0.00,CRF125FBP,7,"3,799.00",OFF ROAD,257048,LALJE0370P3503828
DIRTBIKE,HONDA,2023,CRF125F BIG WHEEL,Red,503260,"3,799.00",503260-CRF125FBP,"3,643.00",190.00,0.00,CRF125FBP,22,"3,799.00",OFF ROAD,257048,LALJE0375P3503260
DIRTBIKE,HONDA,2023,CRF150RB,RED,500206,"5,499.00",500206-CRF150RBP,"5,084.00",275.00,0.00,CRF150RBP,100,"5,499.00",OFF ROAD,257178,JH2KE03C1PK500206
DIRTBIKE,HONDA,2023,CRF150RB,RED,500167,"5,499.00",500167-CRF150RBP,"5,084.00",275.00,0.00,CRF150RBP,100,"5,499.00",OFF ROAD,257178,JH2KE03C6PK500167
DIRTBIKE,HONDA,2023,CRF250F,Red,403897,"4,899.00",403897-CRF250FP,"4,562.00",245.00,0.00,CRF250FP,22,"4,899.00",OFF ROAD,257008,9C2ME1345PR403897
DIRTBIKE,HONDA,2023,CRF250F,RED,403264,"4,899.00",403264-CRF250FP,"4,562.00",245.00,0.00,CRF250FP,64,"4,899.00",OFF ROAD,257008,9C2ME134XPR403264
DIRTBIKE,HONDA,2023,CRF250F,Red,403886,"4,899.00",403886-CRF250FP,"4,562.00",245.00,0.00,CRF250FP,22,"4,899.00",OFF ROAD,257008,9C2ME1340PR403886
DIRTBIKE,HONDA,2023,CRF250F,RED,403193,"4,899.00",403193-CRF250FP,"4,562.00",245.00,0.00,CRF250FP,64,"4,899.00",OFF ROAD,257008,9C2ME1342PR403193
DIRTBIKE,HONDA,2023,CRF250F,RED,400891,"4,899.00",400891-CRF250FP,"4,562.00",245.00,0.00,CRF250FP,111,"4,899.00",OFF ROAD,257008,9C2ME1340PR400891
DIRTBIKE,HONDA,2023,CRF450R,Red,601560,"9,599.00",601560-CRF450RP,"8,951.00",480.00,0.00,CRF450RP,36,"9,599.00",OFF ROAD,254628,JH2PE0739PK601560
DIRTBIKE,HONDA,2023,CRF450R,Red,602356,"9,599.00",602356-CRF450RP,"8,951.00",480.00,0.00,CRF450RP,19,"9,599.00",OFF ROAD,254628,JH2PE0734PK602356
DIRTBIKE,HONDA,2023,CRF450R-S,Red,301159,"8,799.00",301159-CRF450RSP,"8,255.00",440.00,0.00,CRF450RSP,29,"8,799.00",OFF ROAD,257148,JH2PE07C9PK301159
DIRTBIKE,HONDA,2023,CRF450RX,Red,400919,"9,899.00",400919-CRF450RXP,"9,212.00",495.00,0.00,CRF450RXP,19,"9,899.00",OFF ROAD,256978,JH2PE1039PK400919
DIRTBIKE YOUTH,HONDA,2022,CRF-E2,RED,001213,"2,950.00",001213-CRF-E2,"1,950.00",0.00,0.00,CRF-E2,105,"2,950.00",OFF ROAD,EH0000,LGMMWB1Z9N0001213
DIRTBIKE YOUTH,HONDA,2022,CRF-E2,RED,001241,"2,950.00",001241-CRF-E2,"1,950.00",0.00,0.00,CRF-E2,105,"2,950.00",OFF ROAD,EH0000,LGMMWB1Z3N0001241
DIRTBIKE YOUTH,HONDA,2023,CRF110F,RED,503854,"2,599.00",503854-CRF110FP,"2,535.00",78.00,0.00,CRF110FP,139,"2,599.00",OFF ROAD,257088,LALJE0242P3503854
DIRTBIKE YOUTH,HONDA,2023,CRF110F,RED,503875,"2,599.00",503875-CRF110FP,"2,535.00",78.00,0.00,CRF110FP,139,"2,599.00",OFF ROAD,257088,LALJE024XP3503875
DIRTBIKE YOUTH,HONDA,2023,CRF110F,WHITE,507110,"2,599.00",507110-CRF110FP,"2,535.00",78.00,0.00,CRF110FP,132,"2,599.00",OFF ROAD,257069,LALJE0247P3507110
DIRTBIKE YOUTH,HONDA,2023,CRF50F,WHITE,702283,"1,699.00",702283-CRF50FP,"1,761.00",51.00,0.00,CRF50FP,139,"1,699.00",OFF ROAD,257111,LALAE0411P3702283
DIRTBIKE YOUTH,HONDA,2023,CRF50F,WHITE,702112,"1,699.00",702112-CRF50FP,"1,761.00",51.00,0.00,CRF50FP,139,"1,699.00",OFF ROAD,257111,LALAE0417P3702112
DIRTBIKE YOUTH,HONDA,2023,CRF50F,RED,701201,"1,699.00",701201-CRF50FP,"1,761.00",51.00,0.00,CRF50FP,184,"1,699.00",OFF ROAD,257108,LALAE0411P3701201
DIRTBIKE YOUTH,HONDA,2023,CRF50F,RED,701195,"1,699.00",701195-CRF50FP,"1,761.00",51.00,0.00,CRF50FP,184,"1,699.00",OFF ROAD,257108,LALAE041XP3701195
GENERATOR,HONDA,2020,EB3000c,Red,560270,"1,649.00",560270-EB3000CK2A,"1,139.00",0.00,0.00,EB3000CK2A,935,"1,649.00",OFF ROAD,,EZGP-1560270
GENERATOR,HONDA,2020,EB3000c,Red,560278,"1,649.00",560278-EB3000CK2A,"1,139.00",0.00,0.00,EB3000CK2A,935,"1,649.00",OFF ROAD,,EZGP-1560278
GENERATOR,HONDA,2020,EB3000c,Red,560280,"1,649.00",560280-EB3000CK2A,"1,139.00",0.00,0.00,EB3000CK2A,935,"1,649.00",OFF ROAD,,EZGP-1560280
GENERATOR,HONDA,2020,EB3000c,Red,560285,"1,649.00",560285-EB3000CK2A,"1,139.00",0.00,0.00,EB3000CK2A,935,"1,649.00",OFF ROAD,,EZGP-1560285
GENERATOR,HONDA,2020,EB3000c,Red,560283,"1,649.00",560283-EB3000CK2A,"1,139.00",0.00,0.00,EB3000CK2A,935,"1,649.00",OFF ROAD,,EZGP-1560283
GENERATOR,HONDA,2020,EB3000c,Red,560279,"1,649.00",560279-EB3000CK2A,"1,139.00",0.00,0.00,EB3000CK2A,935,"1,649.00",OFF ROAD,,EZGP-1560279
GENERATOR,HONDA,2020,EB3000c,Red,560276,"1,649.00",560276-EB3000CK2A,"1,139.00",0.00,0.00,EB3000CK2A,935,"1,649.00",OFF ROAD,,EZGP-1560276
GENERATOR,HONDA,2020,EB3000c,Red,560275,"1,649.00",560275-EB3000CK2A,"1,139.00",0.00,0.00,EB3000CK2A,935,"1,649.00",OFF ROAD,,EZGP-1560275
GENERATOR,HONDA,2020,EM6500SX,Red,517394,"3,499.00",517394-EM6500X2AN,"2,329.00",0.00,0.00,EM6500X2AN,476,"3,499.00",OFF ROAD,,EBJC-1517394
GENERATOR,HONDA,2020,EU2200iS,RED,662170,"1,299.00",662170-EU2200ITAN,917.00,0.00,0.00,EU2200ITAN,301,"1,299.00",OFF ROAD,664240,EAMT-2662170
GENERATOR,HONDA,2020,EU2200iS,RED,662172,"1,299.00",662172-EU2200ITAN,917.00,0.00,0.00,EU2200ITAN,301,"1,299.00",OFF ROAD,664240,EAMT-2662172
GENERATOR,HONDA,2020,EU2200iS,RED,662181,"1,299.00",662181-EU2200ITAN,917.00,0.00,0.00,EU2200ITAN,301,"1,299.00",OFF ROAD,664240,EAMT-2662181
GENERATOR,HONDA,2020,EU2200iS,RED,662160,"1,299.00",662160-EU2200ITAN,917.00,0.00,0.00,EU2200ITAN,301,"1,299.00",OFF ROAD,664240,EAMT-2662160
GENERATOR,HONDA,2020,EU2200iS Companion,RED,673279,"1,499.00",673279-EU2200TAN1,"1,019.00",0.00,0.00,EU2200TAN1,260,"1,499.00",OFF ROAD,664250,EAMT-2673279
GENERATOR,HONDA,2020,EU2200iS Companion,RED,530121,"1,499.00",530121-EU2200TAN1,999.00,0.00,0.00,EU2200TAN1,281,"1,499.00",OFF ROAD,664250,EAMT-2530121
GENERATOR,HONDA,2020,EU2200iS Companion,RED,673275,"1,499.00",673275-EU2200TAN1,"1,019.00",0.00,0.00,EU2200TAN1,260,"1,499.00",OFF ROAD,664250,EAMT-2673275
GENERATOR,HONDA,2020,EU2200iS Companion,RED,673274,"1,499.00",673274-EU2200TAN1,"1,019.00",0.00,0.00,EU2200TAN1,260,"1,499.00",OFF ROAD,664250,EAMT-2673274
GENERATOR,HONDA,2020,EU2200iS Companion,RED,530119,"1,499.00",530119-EU2200TAN1,999.00,0.00,0.00,EU2200TAN1,281,"1,499.00",OFF ROAD,664250,EAMT-2530119
GENERATOR,HONDA,2020,EU2200iS Companion,RED,530127,"1,499.00",530127-EU2200TAN1,999.00,0.00,0.00,EU2200TAN1,281,"1,499.00",OFF ROAD,664250,EAMT-2530127
GENERATOR,HONDA,2020,EU2200iS Companion,RED,530126,"1,499.00",530126-EU2200TAN1,999.00,0.00,0.00,EU2200TAN1,281,"1,499.00",OFF ROAD,664250,EAMT-2530126
GENERATOR,HONDA,2020,EU2200iS Companion,RED,673281,"1,499.00",673281-EU2200TAN1,"1,019.00",0.00,0.00,EU2200TAN1,260,"1,499.00",OFF ROAD,664250,EAMT-2673281
GENERATOR,HONDA,2020,EU2200iS Companion,RED,673273,"1,499.00",673273-EU2200TAN1,"1,019.00",0.00,0.00,EU2200TAN1,260,"1,499.00",OFF ROAD,664250,EAMT-2673273
GENERATOR,HONDA,2020,EU2200iS Companion,RED,673280,"1,499.00",673280-EU2200TAN1,"1,019.00",0.00,0.00,EU2200TAN1,260,"1,499.00",OFF ROAD,664250,EAMT-2673280
GENERATOR,HONDA,2020,EU2200iS Companion,RED,530125,"1,499.00",530125-EU2200TAN1,999.00,0.00,0.00,EU2200TAN1,281,"1,499.00",OFF ROAD,664250,EAMT-2530125
GENERATOR,HONDA,2020,EU3000iS,Red,892682,"2,799.00",892682-EU3000S1AN,"1,879.00",0.00,0.00,EU3000S1AN,476,"2,799.00",OFF ROAD,,EZGF-1892682
GENERATOR,HONDA,2020,EU3000iS,Red,892628,"2,799.00",892628-EU3000S1AN,"1,879.00",0.00,0.00,EU3000S1AN,476,"2,799.00",OFF ROAD,,EZGF-1892628
GENERATOR,HONDA,2020,EU7000iS,RED,336631,"5,999.00",336631-EU7000IAN,"3,729.00",0.00,0.00,EU7000IAN,364,"5,999.00",OFF ROAD,,EEJD-1336631
GENERATOR,HONDA,2020,EU7000iS,RED,350242,"5,999.00",350242-EU7000IAN,"3,804.00",0.00,0.00,EU7000IAN,169,"5,999.00",OFF ROAD,664280,EEJD-1350242
GENERATOR,HONDA,2020,EU7000iS,RED,358008,"5,999.00",358008-EU7000IAN,"3,804.00",0.00,0.00,EU7000IAN,169,"5,999.00",OFF ROAD,664280,EEJD-1358008
GENERATOR,HONDA,2020,EU7000iS,RED,357967,"5,999.00",357967-EU7000IAN,"3,804.00",0.00,0.00,EU7000IAN,169,"5,999.00",OFF ROAD,664280,EEJD-1357967
GENERATOR,HONDA,2020,EU7000iS,RED,358031,"5,999.00",358031-EU7000IAN,"3,804.00",0.00,0.00,EU7000IAN,169,"5,999.00",OFF ROAD,664280,EEJD-1358031
GENERATOR,HONDA,2020,EU7000iS,RED,358030,"5,999.00",358030-EU7000IAN,"3,804.00",0.00,0.00,EU7000IAN,169,"5,999.00",OFF ROAD,664280,EEJD-1358030
GENERATOR,HONDA,2020,EU7000iS,RED,357968,"5,999.00",357968-EU7000IAN,"3,804.00",0.00,0.00,EU7000IAN,169,"5,999.00",OFF ROAD,664280,EEJD-1357968
GENERATOR,HONDA,2020,EU7000iS,RED,350243,"5,999.00",350243-EU7000IAN,"3,804.00",0.00,0.00,EU7000IAN,169,"5,999.00",OFF ROAD,664280,EEJD-1350243
GENERATOR,HONDA,2020,EU7000iS,RED,357969,"5,999.00",357969-EU7000IAN,"3,804.00",0.00,0.00,EU7000IAN,169,"5,999.00",OFF ROAD,664280,EEJD-1357969
GENERATOR,HONDA,2020,EU7000iS,RED,358009,"5,999.00",358009-EU7000IAN,"3,804.00",0.00,0.00,EU7000IAN,169,"5,999.00",OFF ROAD,664280,EEJD-1358009
GENERATOR,HONDA,2020,EU7000iS,RED,357966,"5,999.00",357966-EU7000IAN,"3,804.00",0.00,0.00,EU7000IAN,169,"5,999.00",OFF ROAD,664280,EEJD-1357966
MINIMOTO,HONDA,2023,GROM,Cherry Red,106832,"3,499.00",106832-GROM125P,"3,379.00",175.00,0.00,GROM125P,23,"3,499.00",ON ROAD,256278,MLHJC9213P5106832
MINIMOTO,HONDA,2023,GROM,Cherry Red,106689,"3,499.00",106689-GROM125P,"3,379.00",175.00,0.00,GROM125P,23,"3,499.00",ON ROAD,256278,MLHJC9212P5106689
MINIMOTO,HONDA,2023,GROM,Cherry Red,106866,"3,499.00",106866-GROM125P,"3,379.00",175.00,0.00,GROM125P,22,"3,499.00",ON ROAD,256278,MLHJC9219P5106866
MINIMOTO,HONDA,2023,GROM,Force Metallic Silver,109589,"3,499.00",109589-GROM125P,"3,379.00",175.00,0.00,GROM125P,22,"3,499.00",ON ROAD,256274,MLHJC9212P5109589
MINIMOTO,HONDA,2023,GROM,Force Metallic Silver,109522,"3,499.00",109522-GROM125P,"3,379.00",175.00,0.00,GROM125P,22,"3,499.00",ON ROAD,256274,MLHJC9213P5109522
MINIMOTO,HONDA,2023,GROM,Matte Black Metallic,105185,"3,499.00",105185-GROM125P,"3,379.00",175.00,0.00,GROM125P,22,"3,499.00",ON ROAD,256271,MLHJC9212P5105185
MINIMOTO,HONDA,2023,GROM,Matte Black Metallic,104993,"3,499.00",104993-GROM125P,"3,379.00",175.00,0.00,GROM125P,22,"3,499.00",ON ROAD,256271,MLHJC9216P5104993
MINIMOTO,HONDA,2023,GROM,Matte Black Metallic,105037,"3,499.00",105037-GROM125P,"3,379.00",175.00,0.00,GROM125P,22,"3,499.00",ON ROAD,256271,MLHJC9219P5105037
MINIMOTO,HONDA,2022,NAVI,BROWN,010528,"1,807.00",010528-NVA110BN,"1,890.00",90.00,0.00,NVA110BN,140,"1,807.00",ON ROAD,255601,3H1JK0707ND010528
MINIMOTO,HONDA,2022,NAVI,BROWN,010515,"1,807.00",010515-NVA110BN,"1,890.00",90.00,0.00,NVA110BN,140,"1,807.00",ON ROAD,255601,3H1JK0709ND010515
MINIMOTO,HONDA,2022,TRAIL 125,RED,103126,"3,999.00",103126-CT125AN,"3,819.00",200.00,0.00,CT125AN,103,"3,999.00",ON ROAD,255501,MLHJA5556N5103126
MINIMOTO,HONDA,2022,TRAIL 125,Glowing Red,105047,"3,999.00",105047-CT125AN,"3,819.00",200.00,0.00,CT125AN,22,"3,999.00",ON ROAD,255501,MLHJA5559N5105047
MINIMOTO,HONDA,2022,TRAIL 125,Glowing Red,105484,"3,999.00",105484-CT125AN,"3,819.00",200.00,0.00,CT125AN,22,"3,999.00",ON ROAD,255501,MLHJA5559N5105484
MINIMOTO,HONDA,2022,TRAIL 125,RED,104735,"3,999.00",104735-CT125AN,"3,819.00",200.00,0.00,CT125AN,96,"3,999.00",ON ROAD,255501,MLHJA5553N5104735
MINIMOTO (b),HONDA,2022,NAVI,Nut Brown,011800,"1,807.00",011800-NVA110BN,"1,890.00",90.00,0.00,NVA110BN,55,"1,807.00",ON ROAD,255601,3H1JK0702ND011800
MINIMOTO (b),HONDA,2022,NAVI,Grasshopper Green,014241,"1,807.00",014241-NVA110BN,"1,890.00",90.00,0.00,NVA110BN,55,"1,807.00",ON ROAD,255606,3H1JK0707ND014241
MINIMOTO (b),HONDA,2022,NAVI,GREEN,011047,"1,807.00",011047-NVA110BN,"1,890.00",90.00,0.00,NVA110BN,112,"1,807.00",ON ROAD,255606,3H1JK0707ND011047
MINIMOTO (b),HONDA,2022,NAVI,Ranger Green,013841,"1,807.00",013841-NVA110BN,"1,890.00",90.00,0.00,NVA110BN,55,"1,807.00",ON ROAD,255609,3H1JK0704ND013841
MINIMOTO (b),HONDA,2022,NAVI,Ranger Green,013838,"1,807.00",013838-NVA110BN,"1,890.00",90.00,0.00,NVA110BN,55,"1,807.00",ON ROAD,255609,3H1JK0704ND013838
MINIMOTO (b),HONDA,2022,NAVI,Nut Brown,011795,"1,807.00",011795-NVA110BN,"1,890.00",90.00,0.00,NVA110BN,55,"1,807.00",ON ROAD,255601,3H1JK0702ND011795
MINIMOTO (b),HONDA,2022,NAVI,Grasshopper Green,014237,"1,807.00",014237-NVA110BN,"1,890.00",90.00,0.00,NVA110BN,55,"1,807.00",ON ROAD,255606,3H1JK0705ND014237
MINIMOTO (b),HONDA,2022,NAVI,Red,012932,"1,807.00",012932-NVA110BN,"1,890.00",90.00,0.00,NVA110BN,20,"1,807.00",ON ROAD,255608,3H1JK0702ND012932
MINIMOTO (b),HONDA,2022,NAVI,DARK GREEN,010779,"1,807.00",010779-NVA110BN,"1,890.00",90.00,0.00,NVA110BN,112,"1,807.00",ON ROAD,255609,3H1JK070XND010779
MINIMOTO (b),HONDA,2022,NAVI,GREEN,011051,"1,807.00",011051-NVA110BN,"1,890.00",90.00,0.00,NVA110BN,112,"1,807.00",ON ROAD,255606,3H1JK0709ND011051
MINIMOTO (b),HONDA,2022,NAVI,Ranger Green,012192,"1,807.00",012192-NVA110BN,"1,890.00",90.00,0.00,NVA110BN,51,"1,807.00",ON ROAD,255609,3H1JK070XND012192
MINIMOTO (b),HONDA,2022,NAVI,Ranger Green,012197,"1,807.00",012197-NVA110BN,"1,890.00",90.00,0.00,NVA110BN,51,"1,807.00",ON ROAD,255609,3H1JK0709ND012197
MINIMOTO (b),HONDA,2022,NAVI,Red,012937,"1,807.00",012937-NVA110BN,"1,890.00",90.00,0.00,NVA110BN,20,"1,807.00",ON ROAD,255608,3H1JK0701ND012937
MOTORCYCLE,HONDA,2023,CB1000R ABS,Black,500109,"12,999.00",500109-CB1000RAP,"12,084.00",650.00,0.00,CB1000RAP,16,"12,999.00",ON ROAD,256721,JH2SC8014PK500109
MOTORCYCLE,HONDA,2023,CB500F ABS,Matte Gray Metallic,400018,"6,799.00",400018-CB500FAP,"6,583.00",340.00,0.00,CB500FAP,51,"6,799.00",ON ROAD,256784,MLHPC6359P5400018
MOTORCYCLE,HONDA,2023,CB650R ABS,Matte Gray Metallic,400083,"9,399.00",400083-CB650RAP,"8,777.00",470.00,0.00,CB650RAP,20,"9,399.00",ON ROAD,256734,MLHRH0258P5400083
MOTORCYCLE,HONDA,2023,CBR1000RR,Grand Prix Red,600070,"16,599.00",600070-CBR10RRP,"15,216.00",830.00,0.00,CBR10RRP,51,"16,599.00",ON ROAD,256698,JH2SC771XPK600070
MOTORCYCLE,HONDA,2023,CBR600RR,Grand Prix Red,900331,"12,099.00",900331-CBR600RRP,"11,126.00",605.00,0.00,CBR600RRP,19,"12,099.00",ON ROAD,256748,JH2PC40J2PK900331
MOTORCYCLE,HONDA,2023,CBR650R ABS,Grand Prix Red,400169,"9,899.00",400169-CBR650RAP,"9,212.00",495.00,0.00,CBR650RAP,23,"9,899.00",ON ROAD,258468,MLHRH0155P5400169
MOTORCYCLE,HONDA,2023,FURY ABS,Pearl Yellow,700365,"11,499.00",700365-VT13CXAP,"10,779.00",575.00,0.00,VT13CXAP,22,"11,499.00",ON ROAD,258452,JH2SC6165PK700365
MOTORCYCLE,HONDA,2023,GOLDWING DCT,Matte Grey,500116,"25,600.00",500116-GL1800BDP,"23,047.00","1,280.00",0.00,GL1800BDP,22,"25,600.00",ON ROAD,256464,JH2SC7942PK500116
MOTORCYCLE,HONDA,2023,GOLDWING TOUR DCT,Candy Ardent Red,501723,"29,600.00",501723-GL1800DP,"26,527.00","1,480.00",0.00,GL1800DP,19,"29,600.00",ON ROAD,256431,JH2SC7955PK501723
MOTORCYCLE,HONDA,2023,GOLDWING TOUR DCT,Black,501692,"29,600.00",501692-GL1800DP,"26,527.00","1,480.00",0.00,GL1800DP,12,"29,600.00",ON ROAD,256428,JH2SC7959PK501692
MOTORCYCLE,HONDA,2023,NC750X DCT,Matte Nightshade Blue,200181,"9,399.00",200181-NC750XDP,"8,777.00",470.00,0.00,NC750XDP,48,"9,399.00",ON ROAD,256511,JH2RH0917PK200181
MOTORCYCLE,HONDA,2023,REBEL 1100T DCT,Metallic Black,201274,"11,299.00",201274-CMX1100TDP,"10,605.00",565.00,0.00,CMX1100TDP,20,"11,299.00",ON ROAD,258361,JH2SC8364PK201274
MOTORCYCLE,HONDA,2023,REBEL 300,Candy Diesel Red,600857,"4,749.00",600857-CMX300P,"4,532.00",237.00,0.00,CMX300P,57,"4,749.00",ON ROAD,256598,MLHNC5302P5600857
MOTORCYCLE,HONDA,2023,REBEL 300 ABS,RED,600091,"5,049.00",600091-CMX300AP,"4,993.00",252.00,0.00,CMX300AP,92,"5,049.00",ON ROAD,256618,MLHNC5359P5600091
MOTORCYCLE,HONDA,2023,REBEL 500,Candy Blue,600101,"6,449.00",600101-CMX500P,"6,211.00",322.00,0.00,CMX500P,41,"6,449.00",ON ROAD,256627,MLHPC5607P5600101
MOTORCYCLE,HONDA,2023,REBEL 500,Matte Black Metallic,600696,"6,449.00",600696-CMX500P,"6,211.00",322.00,0.00,CMX500P,76,"6,449.00",OFF ROAD,256621,MLHPC5609P5600696
MOTORCYCLE,HONDA,2023,SHADOW PHANTOM,Matte Black Metallic,300310,"7,999.00",300310-VT750C2BP,"7,559.00",400.00,0.00,VT750C2BP,42,"7,999.00",ON ROAD,256571,JH2RC5379PK300310
MOWER,GRAVELY,2022,PRO-STANCE 32,RED,G001115,"8,299.00",G001115-994157,"6,477.23",0.00,0.00,994157,253,"8,299.00",EQUIPMENT,,001115
MOWER,GRAVELY,2022,PRO-STANCE 32,RED,G001114,"8,299.00",G001114-994157,"6,477.23",0.00,0.00,994157,253,"8,299.00",EQUIPMENT,,001114
MOWER,GRAVELY,2022,PRO-TURN 160,RED,G095441,"10,699.00",G095441-991130,"7,611.86",0.00,0.00,991130,323,"10,699.00",EQUIPMENT,,095441
MOWER,GRAVELY,2022,PRO-TURN 260,RED,G094528,"12,799.00",G094528-992298,"10,087.55",0.00,0.00,992298,274,"12,799.00",EQUIPMENT,,094528
MOWER,GRAVELY,2022,PRO-TURN 260,RED,G094440,"12,799.00",G094440-992298,"10,087.55",0.00,0.00,992298,274,"12,799.00",EQUIPMENT,,094440
MOWER,GRAVELY,2023,Pro-Turn 360,Red,G000116,"12,999.00",G000116-992526,"10,354.70",0.00,0.00,992526,16,"12,999.00",EQUIPMENT,,000116
MOWER,GRAVELY,2022,PRO-TURN Z 52,RED,G090493,"7,299.00",G090493-991282,"5,736.08",0.00,0.00,991282,330,"7,299.00",EQUIPMENT,,090493
MOWER,GRAVELY,2022,PRO-TURN Z 52,RED,G090607,"7,299.00",G090607-991282,"5,736.08",0.00,0.00,991282,330,"7,299.00",EQUIPMENT,,090607
MOWER,GRAVELY,2022,PRO-TURN Z 52,RED,G090509,"7,299.00",G090509-991282,"5,736.08",0.00,0.00,991282,323,"7,299.00",EQUIPMENT,,090509
MOWER,GRAVELY,2023,Z-Stance 32,Red,G000209,"7,199.00",G000209-994160,"6,029.39",0.00,0.00,994160,22,"7,199.00",EQUIPMENT,,000209
MOWER,GRAVELY,2023,Z-Stance 32,Red,G000202,"7,199.00",G000202-994160,"6,029.39",0.00,0.00,994160,22,"7,199.00",EQUIPMENT,,000202
MOWER,GRAVELY,2023,Z-Stance 32,Red,G000203,"7,199.00",G000203-994160,"6,029.39",0.00,0.00,994160,22,"7,199.00",EQUIPMENT,,000203
MOWER,GRAVELY,2023,Z-Stance 32,Red,G000201,"7,199.00",G000201-994160,"6,029.39",0.00,0.00,994160,22,"7,199.00",EQUIPMENT,,000201
MOWER,GRAVELY,2023,ZT HD 52,Red,G095306,"6,399.00",G095306-991270,"5,279.36",0.00,0.00,991270,30,"6,399.00",EQUIPMENT,,095306
MOWER,GRAVELY,2023,ZT HD 52,Red,G096106,"6,399.00",G096106-991270,"5,279.36",0.00,0.00,991270,30,"6,399.00",EQUIPMENT,,096106
MOWER,GRAVELY,2023,ZT HD 52,Red,G096164,"6,399.00",G096164-991270,"5,279.36",0.00,0.00,991270,30,"6,399.00",EQUIPMENT,,096164
MOWER,GRAVELY,2023,ZT HD 52,Red,G095540,"6,399.00",G095540-991270,"5,279.36",0.00,0.00,991270,30,"6,399.00",EQUIPMENT,,095540
MOWER,GRAVELY,2023,ZT HD 52,Red,G096113,"6,399.00",G096113-991270,"5,279.36",0.00,0.00,991270,30,"6,399.00",EQUIPMENT,,096113
MOWER,GRAVELY,2023,ZT HD 52,Red,G095857,"6,399.00",G095857-991270,"5,279.36",0.00,0.00,991270,30,"6,399.00",EQUIPMENT,,095857
MOWER,GRAVELY,2023,ZT HD 52,Red,G096120,"6,399.00",G096120-991270,"5,279.36",0.00,0.00,991270,30,"6,399.00",EQUIPMENT,,096120
MOWER,GRAVELY,2023,ZT HD 52,Red,G096159,"6,399.00",G096159-991270,"5,279.36",0.00,0.00,991270,30,"6,399.00",EQUIPMENT,,096159
MOWER,GRAVELY,2023,ZT HD 52,Red,G095700,"6,399.00",G095700-991270,"5,279.36",0.00,0.00,991270,30,"6,399.00",EQUIPMENT,,095700
MOWER,GRAVELY,2023,ZT HD 52,Red,G096166,"6,399.00",G096166-991270,"5,279.36",0.00,0.00,991270,30,"6,399.00",EQUIPMENT,,096166
MOWER,GRAVELY,2023,ZT HD 52,Red,G096160,"6,399.00",G096160-991270,"5,279.36",0.00,0.00,991270,30,"6,399.00",EQUIPMENT,,096160
MOWER,GRAVELY,2023,ZT HD 52,Red,G096165,"6,399.00",G096165-991270,"5,279.36",0.00,0.00,991270,30,"6,399.00",EQUIPMENT,,096165
MOWER,GRAVELY,2023,ZT HD STEALTH,Black,G002886,"6,999.00",G002886-991271,"5,704.22",0.00,0.00,991271,50,"6,999.00",EQUIPMENT,,002886
MOWER,GRAVELY,2023,ZT HD STEALTH,Black,G002997,"6,999.00",G002997-991271,"5,704.22",0.00,0.00,991271,50,"6,999.00",EQUIPMENT,,002997
MOWER,GRAVELY,2023,ZT HD STEALTH,Black,G003000,"6,999.00",G003000-991271,"5,704.22",0.00,0.00,991271,50,"6,999.00",EQUIPMENT,,003000
MOWER,GRAVELY,2023,ZT HD STEALTH,Black,G002998,"6,999.00",G002998-991271,"5,704.22",0.00,0.00,991271,50,"6,999.00",EQUIPMENT,,002998
MOWER,GRAVELY,2023,ZT HD STEALTH,Black,G003001,"6,999.00",G003001-991271,"5,704.22",0.00,0.00,991271,50,"6,999.00",EQUIPMENT,,003001
MOWER,GRAVELY,2023,ZT HD STEALTH,Black,G003253,"6,999.00",G003253-991271,"5,704.22",0.00,0.00,991271,50,"6,999.00",EQUIPMENT,,003253
MOWER,GRAVELY,2022,ZT HD-44,RED,G000714,"5,999.00",G000714-991266,"4,913.63",0.00,0.00,991266,212,"5,999.00",EQUIPMENT,,000714
MOWER,GRAVELY,2022,ZT HD-44,RED,G000715,"5,999.00",G000715-991266,"4,913.63",0.00,0.00,991266,212,"5,999.00",EQUIPMENT,,000715
MOWER,GRAVELY,2022,ZT HD-48,RED,G090461,"6,299.00",G090461-991268,"4,854.50",0.00,0.00,991268,386,"6,299.00",EQUIPMENT,,090461
MOWER,GRAVELY,2022,ZT HD-48,RED,G001135,"6,299.00",G001135-991268,"5,101.24",0.00,0.00,991268,281,"6,299.00",EQUIPMENT,,001135
MOWER,GRAVELY,2022,ZT HD-48,RED,G091280,"6,299.00",G091280-991268,"5,101.24",0.00,0.00,991268,281,"6,299.00",EQUIPMENT,,091280
MOWER,GRAVELY,2022,ZT HD-48,RED,G001136,"6,299.00",G001136-991268,"5,101.24",0.00,0.00,991268,281,"6,299.00",EQUIPMENT,,001136
MOWER,GRAVELY,2022,ZT HD-52,Red,G090910,"6,399.00",G090910-991270,"4,936.99",0.00,0.00,991270,386,"6,399.00",EQUIPMENT,,090910
MOWER,GRAVELY,2022,ZT HD-52,Red,G003866,"6,399.00",G003866-991270,"4,936.99",0.00,0.00,991270,386,"6,399.00",EQUIPMENT,,003866
MOWER,GRAVELY,2022,ZT HD-52,RED,G005936,"6,399.00",G005936-991270,"5,183.73",0.00,0.00,991270,212,"6,399.00",EQUIPMENT,,005936
MOWER,GRAVELY,2022,ZT HD-52,Red,G090927,"6,399.00",G090927-991270,"4,936.99",0.00,0.00,991270,386,"6,399.00",EQUIPMENT,,090927
MOWER,GRAVELY,2022,ZT HD-52,RED,G005939,"6,399.00",G005939-991270,"5,183.73",0.00,0.00,991270,212,"6,399.00",EQUIPMENT,,005939
MOWER,GRAVELY,2022,ZT HD-60,RED,G091395,"6,499.00",G091395-991272,"5,019.48",0.00,0.00,991272,386,"6,499.00",EQUIPMENT,,091395
MOWER,GRAVELY,2022,ZT HD-60,RED,G004646,"6,499.00",G004646-991272,"5,266.22",0.00,0.00,991272,225,"6,499.00",EQUIPMENT,,004646
MOWER,GRAVELY,2022,ZT HD-60,RED,G004647,"6,499.00",G004647-991272,"5,266.22",0.00,0.00,991272,225,"6,499.00",EQUIPMENT,,004647
MOWER,GRAVELY,2022,ZT HD-60,RED,G091394,"6,499.00",G091394-991272,"5,019.48",0.00,0.00,991272,386,"6,499.00",EQUIPMENT,,091394
MOWER,GRAVELY,2022,ZT HD-60,RED,G004449,"6,499.00",G004449-991272,"5,266.22",0.00,0.00,991272,225,"6,499.00",EQUIPMENT,,004449
MOWER,GRAVELY,2022,ZT X 42,RED,G000378,"4,199.00",G000378-918008,"3,568.97",0.00,0.00,918008,127,"4,199.00",EQUIPMENT,,000378
MOWER,GRAVELY,2022,ZT X 42,RED,G000377,"4,199.00",G000377-918008,"3,568.97",0.00,0.00,918008,127,"4,199.00",EQUIPMENT,,000377
MOWER,GRAVELY,2022,ZT X 42,RED,G000379,"4,199.00",G000379-918008,"3,568.97",0.00,0.00,918008,127,"4,199.00",EQUIPMENT,,000379
MOWER,GRAVELY,2022,ZT X 42,RED,G000382,"4,199.00",G000382-918008,"3,568.97",0.00,0.00,918008,127,"4,199.00",EQUIPMENT,,000382
MOWER,GRAVELY,2022,ZT X 42,RED,G000381,"4,199.00",G000381-918008,"3,568.97",0.00,0.00,918008,127,"4,199.00",EQUIPMENT,,000381
MOWER,GRAVELY,2022,ZT X 42,RED,G000380,"4,199.00",G000380-918008,"3,568.97",0.00,0.00,918008,127,"4,199.00",EQUIPMENT,,000380
MOWER,GRAVELY,2023,ZT X 42,Red,G006049,"4,199.00",G006049-918008,"3,568.97",0.00,0.00,918008,29,"4,199.00",EQUIPMENT,,006049
MOWER,GRAVELY,2023,ZT X 42,Red,G006050,"4,199.00",G006050-918008,"3,568.97",0.00,0.00,918008,29,"4,199.00",EQUIPMENT,,006050
MOWER,GRAVELY,2023,ZT X 42,Red,G006051,"4,199.00",G006051-918008,"3,568.97",0.00,0.00,918008,29,"4,199.00",EQUIPMENT,,006051
MOWER,GRAVELY,2022,ZT X 48,RED,G000305,"4,299.00",G000305-918009,"3,653.65",0.00,0.00,918009,127,"4,299.00",EQUIPMENT,,000305
MOWER,GRAVELY,2022,ZT X 48,RED,G000304,"4,299.00",G000304-918009,"3,653.65",0.00,0.00,918009,127,"4,299.00",EQUIPMENT,,000304
MOWER,GRAVELY,2022,ZT X 48,RED,G000303,"4,299.00",G000303-918009,"3,653.65",0.00,0.00,918009,127,"4,299.00",EQUIPMENT,,000303
MOWER,GRAVELY,2022,ZT X 48,RED,G000301,"4,299.00",G000301-918009,"3,653.65",0.00,0.00,918009,127,"4,299.00",EQUIPMENT,,000301
MOWER,GRAVELY,2022,ZT X 48,RED,G000309,"4,299.00",G000309-918009,"3,653.65",0.00,0.00,918009,127,"4,299.00",EQUIPMENT,,000309
MOWER,GRAVELY,2022,ZT X 48,RED,G000302,"4,299.00",G000302-918009,"3,653.65",0.00,0.00,918009,127,"4,299.00",EQUIPMENT,,000302
MOWER,GRAVELY,2023,ZT X 48,Red,G005165,"4,299.00",G005165-918009,"3,653.65",0.00,0.00,918009,30,"4,299.00",EQUIPMENT,,005165
MOWER,GRAVELY,2023,ZT X 48,Red,G005722,"4,299.00",G005722-918009,"3,653.65",0.00,0.00,918009,16,"4,299.00",EQUIPMENT,,005722
MOWER,GRAVELY,2023,ZT X 48,Red,G005724,"4,299.00",G005724-918009,"3,653.65",0.00,0.00,918009,16,"4,299.00",EQUIPMENT,,005724
MOWER,GRAVELY,2023,ZT X 48,Red,G005626,"4,299.00",G005626-918009,"3,653.65",0.00,0.00,918009,30,"4,299.00",EQUIPMENT,,005626
MOWER,GRAVELY,2023,ZT X 48,Red,G005629,"4,299.00",G005629-918009,"3,653.65",0.00,0.00,918009,30,"4,299.00",EQUIPMENT,,005629
MOWER,GRAVELY,2023,ZT X 48,Red,G005723,"4,299.00",G005723-918009,"3,653.65",0.00,0.00,918009,16,"4,299.00",EQUIPMENT,,005723
MOWER,GRAVELY,2022,ZT X 52,Red,G000755,"4,299.00",G000755-918011,"3,654.38",0.00,0.00,918011,127,"4,299.00",EQUIPMENT,,000755
MOWER,GRAVELY,2022,ZT X 52,Red,G000882,"4,299.00",G000882-918011,"3,654.38",0.00,0.00,918011,127,"4,299.00",EQUIPMENT,,000882
MOWER,GRAVELY,2022,ZT X 52,Red,G000728,"4,299.00",G000728-918011,"3,654.38",0.00,0.00,918011,127,"4,299.00",EQUIPMENT,,000728
MOWER,GRAVELY,2022,ZT X 52,Red,G000920,"4,299.00",G000920-918011,"3,654.38",0.00,0.00,918011,57,"4,299.00",EQUIPMENT,,000920
MOWER,GRAVELY,2022,ZT X 52,Red,G001949,"4,299.00",G001949-918011,"3,654.38",0.00,0.00,918011,57,"4,299.00",EQUIPMENT,,000949
MOWER,GRAVELY,2022,ZT X 52,Red,G000754,"4,299.00",G000754-918011,"3,654.38",0.00,0.00,918011,127,"4,299.00",EQUIPMENT,,000754
MOWER,GRAVELY,2022,ZT X 52,Red,G000921,"4,299.00",G000921-918011,"3,654.38",0.00,0.00,918011,57,"4,299.00",EQUIPMENT,,000921
MOWER,GRAVELY,2022,ZT X 52,Red,G000884,"4,299.00",G000884-918011,"3,654.38",0.00,0.00,918011,127,"4,299.00",EQUIPMENT,,000884
MOWER,GRAVELY,2022,ZT X 52,Red,G000883,"4,299.00",G000883-918011,"3,654.38",0.00,0.00,918011,127,"4,299.00",EQUIPMENT,,000883
MOWER,GRAVELY,2022,ZT X-48,RED,G001328,"3,999.00",G001328-915276,"3,359.46",0.00,0.00,915276,225,"3,999.00",EQUIPMENT,,001328
MOWER,GRAVELY,2022,ZT X-48,RED,G001294,"3,999.00",G001294-915276,"3,359.46",0.00,0.00,915276,225,"3,999.00",EQUIPMENT,,001294
MOWER,GRAVELY,2022,ZT X-48,RED,G001325,"3,999.00",G001325-915276,"3,359.46",0.00,0.00,915276,225,"3,999.00",EQUIPMENT,,001325
MOWER,GRAVELY,2022,ZT X-48,RED,G001341,"3,999.00",G001341-915276,"3,359.46",0.00,0.00,915276,225,"3,999.00",EQUIPMENT,,001341
MOWER,GRAVELY,2022,ZT X-48,RED,G001339,"3,999.00",G001339-915276,"3,359.46",0.00,0.00,915276,225,"3,999.00",EQUIPMENT,,001339
MOWER,GRAVELY,2022,ZT X-48,RED,G001295,"3,999.00",G001295-915276,"3,359.46",0.00,0.00,915276,225,"3,999.00",EQUIPMENT,,001295
MOWER,GRAVELY,2022,ZT X-48,RED,G001337,"3,999.00",G001337-915276,"3,359.46",0.00,0.00,915276,225,"3,999.00",EQUIPMENT,,001337
MOWER,GRAVELY,2022,ZT X-48,RED,G001342,"3,999.00",G001342-915276,"3,359.46",0.00,0.00,915276,225,"3,999.00",EQUIPMENT,,001342
MOWER,GRAVELY,2022,ZT X-48,RED,G001340,"3,999.00",G001340-915276,"3,359.46",0.00,0.00,915276,225,"3,999.00",EQUIPMENT,,001340
MOWER,GRAVELY,2022,ZT X-48,RED,G001327,"3,999.00",G001327-915276,"3,359.46",0.00,0.00,915276,225,"3,999.00",EQUIPMENT,,001327
MOWER,GRAVELY,2022,ZT X-52,RED,G064887,"4,099.00",G064887-915257,"3,443.41",0.00,0.00,915257,196,"4,099.00",EQUIPMENT,,064887
MOWER,GRAVELY,2022,ZT X-52,RED,G064888,"4,099.00",G064888-915257,"3,443.41",0.00,0.00,915257,196,"4,099.00",EQUIPMENT,,064888
MOWER,GRAVELY,2022,ZT XL 42,RED,G000125,"4,999.00",G000125-918012,"4,174.14",0.00,0.00,918012,127,"4,999.00",EQUIPMENT,,000125
MOWER,GRAVELY,2022,ZT XL 42,RED,G000117,"4,999.00",G000117-918012,"4,174.14",0.00,0.00,918012,127,"4,999.00",EQUIPMENT,,000117
MOWER,GRAVELY,2022,ZT XL 42,RED,G000118,"4,999.00",G000118-918012,"4,174.14",0.00,0.00,918012,127,"4,999.00",EQUIPMENT,,000118
MOWER,GRAVELY,2022,ZT XL 48,RED,G000250,"5,099.00",G000250-918013,"4,257.36",0.00,0.00,918013,134,"5,099.00",EQUIPMENT,,000250
MOWER,GRAVELY,2022,ZT XL 48,RED,G000258,"5,099.00",G000258-918013,"4,257.36",0.00,0.00,918013,134,"5,099.00",EQUIPMENT,,000258
MOWER,GRAVELY,2022,ZT XL 48,RED,G000251,"5,099.00",G000251-918013,"4,257.36",0.00,0.00,918013,134,"5,099.00",EQUIPMENT,,000251
MOWER,GRAVELY,2022,ZT XL 52,RED,G000158,"5,199.00",G000158-918015,"4,341.31",0.00,0.00,918015,127,"5,199.00",EQUIPMENT,,000158
MOWER,HUSTLER,2022,RAPTOR XD 54,YELLOW,H063745,"5,099.00",H063745-939751,"4,079.20",0.00,0.00,939751,260,"5,099.00",EQUIPMENT,,22063745
MOWER,HUSTLER,2022,RAPTOR XD 54,YELLOW,H063747,"5,099.00",H063747-939751,"4,079.20",0.00,0.00,939751,260,"5,099.00",EQUIPMENT,,22063747
MOWER,HUSTLER,2022,RAPTOR XD 54,YELLOW,H063746,"5,099.00",H063746-939751,"4,079.20",0.00,0.00,939751,260,"5,099.00",EQUIPMENT,,22063746
MOWER,HUSTLER,2022,RAPTOR XDX 48,YELLOW,H046541,"6,099.00",H046541-939827,"4,879.20",0.00,0.00,939827,322,"6,099.00",EQUIPMENT,,22046541
MOWER,HUSTLER,2022,RAPTOR XDX 54,YELLOW,H030786,"6,199.00",H030786-939835,"4,759.20",0.00,0.00,939835,342,"6,199.00",EQUIPMENT,,22030786
MOWER,HUSTLER,2022,RAPTOR XDX 54,YELLOW,H040848,"6,199.00",H040848-939835,"4,959.20",0.00,0.00,939835,343,"6,199.00",EQUIPMENT,,22040848
SCOOTER,HONDA,2023,ADV 150,RED,200582,"4,349.00",200582-ADV150AP,"4,284.00",217.00,0.00,ADV150AP,93,"4,349.00",ON ROAD,257248,MLHKF3851P5200582
SCOOTER (b),HONDA,2023,RUCKUS,White / Metallic Blue,102423,"2,899.00",102423-NPS50P,"2,822.00",145.00,0.00,NPS50P,119,"2,899.00",OFF ROAD,256319,JH2AF5816PK102423
SXS SPORT,HONDA,2022,TALON 1000R FOX LIVE VALVE,RED,300200,"23,299.00",300200-SXS10S2RDN,"21,640.00","1,165.00",0.00,SXS10S2RDN,275,"23,299.00",OFF ROAD,254948,1HFVE0571N4300200
SXS SPORT,HONDA,2023,TALON1000R,Matte Abyss Black,400320,"21,099.00",400320-SXS10S2RSP,"19,726.00","1,055.00",0.00,SXS10S2RSP,14,"21,099.00",OFF ROAD,258541,1HFVE05K8P4400320
SXS UTILITY,HONDA,2023,PIONEER 1000 DELUXE,Krypton Green,700409,"18,899.00",700409-SXS10M3DP,"17,737.00",945.00,0.00,SXS10M3DP,16,"18,899.00",OFF ROAD,258486,1HFVE0475P4700409
SXS UTILITY,HONDA,2023,PIONEER 1000 FOREST,Honda Phantom Camo,700023,"20,899.00",700023-SXS10M3DFP,"19,477.00","1,045.00",0.00,SXS10M3DFP,16,"20,899.00",OFF ROAD,258503,1HFVE04X5P4700023
SXS UTILITY,HONDA,2023,PIONEER 1000-5 TRAIL,Pearl Orange,700756,"22,299.00",700756-SXS10M5DTP,"20,695.00","1,115.00",0.00,SXS10M5DTP,6,"22,299.00",OFF ROAD,258522,1HFVE0492P4700756
SXS UTILITY,HONDA,2023,PIONEER 1000-6 DELUXE CREW,Red,002060,"21,899.00",002060-SXS10M6DP,"20,447.00","1,095.00",0.00,SXS10M6DP,6,"21,899.00",OFF ROAD,258098,1HFVE0818P4002060
SXS UTILITY,HONDA,2023,PIONEER 1000-6 DELUXE CREW,Red,001707,"21,899.00",001707-SXS10M6DP,"20,447.00","1,095.00",0.00,SXS10M6DP,70,"21,899.00",OFF ROAD,258098,1HFVE0815P4001707
SXS UTILITY,HONDA,2023,PIONEER 1000-6 DELUXE CREW,RED,001191,"21,899.00",001191-SXS10M6DP,"20,447.00","1,095.00",0.00,SXS10M6DP,103,"21,899.00",OFF ROAD,258098,1HFVE0817P4001191
SXS UTILITY,HONDA,2023,PIONEER 1000-6 DELUXE CREW,Red,001779,"21,899.00",001779-SXS10M6DP,"20,447.00","1,095.00",0.00,SXS10M6DP,27,"21,899.00",OFF ROAD,258098,1HFVE0818P4001779
SXS UTILITY,HONDA,2023,PIONEER 700,Olive,801650,"11,799.00",801650-SXS700M2P,"11,450.00",590.00,0.00,SXS700M2P,6,"11,799.00",OFF ROAD,257816,1HFVE0295P4801650
